knee_left_mean,knee_left_std,knee_right_mean,knee_right_std,hip_left_mean,hip_left_std,hip_right_mean,hip_right_std,inclination_mean,inclination_std,vel_left_hip_mean,vel_left_hip_p90,vel_right_hip_mean,vel_right_hip_p90,vel_left_knee_mean,vel_left_knee_p90,vel_right_knee_mean,vel_right_knee_p90,vel_left_ankle_mean,vel_left_ankle_p90,vel_right_ankle_mean,vel_right_ankle_p90,vel_left_wrist_mean,vel_left_wrist_p90,vel_right_wrist_mean,vel_right_wrist_p90,vel_head_mean,vel_head_p90,frame_start,frame_end,video_id,label
2.8093187306865226,0.23895978546594746,1.963359913032593,0.4393242077222692,2.85418024168181,0.14464870190421866,2.0961931441966573,0.41101941968173455,1.4481481756489956,0.15763056583316593,0.5419532743102398,1.7077884664098852,0.5419532743102398,1.7077884664098852,1.428377610311947,2.545228183203695,2.2734309871005896,4.487892791880919,2.0853442905094934,5.716776201649206,2.2800498144683963,6.268958055823692,1.786823681795489,4.379166131045329,2.0924341763370746,4.737201933686332,2.5605718963585664,4.723698186849533,76,156,006beb60-8b9e-4b79-867a-ca1c2f386ce2,sentarse
2.722190125411695,0.2816612867602166,2.464424557548011,0.3627352378501001,2.6698248650989473,0.25945355559466354,2.4230462527464875,0.2613205981606166,1.6277104242150116,0.033427696527416235,0.4611376704072426,1.6725534898798817,0.4611376704072426,1.6725534898798817,1.2430335734172628,3.2484619273285484,1.366770430714514,3.3518268123763573,1.5885125278314964,5.273335330261684,1.54984376506144,5.1092067426301035,1.5724743887346115,3.2165548040231107,1.5408193438754152,3.694984631967846,2.32600496468263,6.0703430660269095,0,105,011d6524-bb00-49fc-80d5-9e97161ac9ff,ponerse_de_pie
3.0181464832404936,0.1685007414865324,2.8925419175424025,0.23349351851093433,2.873197518083546,0.13256911659687953,3.017637304029864,0.10716239900328356,0.04860154623805242,0.03506784500894325,0.2538215808607778,0.5253090277114763,0.2538215808607778,0.5253090277114763,1.0699076663630536,1.8142820835172462,0.9873749073468366,1.7458207095115699,1.8783303127001438,3.759393219329491,1.6211054042385837,3.371880093869585,0.6739788854827363,1.5161506085884293,0.8095990053545786,2.0514982613131694,1.13473510222532,2.5328751957013758,10,130,026c2c6b-d509-4f2d-9535-5cc10e2d5042,caminar
3.05395337009731,0.07926919479733133,3.0042439609307294,0.126800357832803,2.8499310317754447,0.1276846537191304,2.7874686000368727,0.09149666323773181,0.11938223862241962,0.06932477015555046,0.23760739430051134,0.33137298472178034,0.23760739430051134,0.33137298472178034,0.80464622638994,1.7556114615916196,0.781930739490181,1.5186168078942917,1.1471636245174872,2.521422770179285,1.2409467820746125,3.0984310907165846,0.616449886846446,1.0355975927837642,0.616362314940499,1.4610234570112461,1.5511654338322418,2.7971907060839376,0,145,0358999b-7d10-4fa6-8e90-b55207cbe0ff,sentarse
2.975339937460476,0.180559890110046,2.8597588078269744,0.2976100757951808,2.8030686205504542,0.13817572413730989,3.0044667735225126,0.10023755832172425,0.1947949901549648,0.053521832573373965,0.3453841205748982,1.195240589108886,0.3453841205748982,1.195240589108886,1.2657651115264488,2.9382005802261526,1.3936123097296096,2.982806701080762,2.4432410717664554,5.6343852021551255,2.415980703226693,5.388430561000838,1.1182726466390915,2.291874609533626,0.9363853646264854,2.1424316834635064,1.6197710857177834,5.158092439601328,0,120,05d7f585-9811-4f61-a418-c690f0bada10,caminar
2.558253022253875,0.414299251869959,2.6900755296928414,0.2830303072866654,2.2808377874830774,0.40637636567626695,2.5969528686140606,0.12059793568179626,0.16301707059706666,0.0778113211368513,0.24242890626835303,0.2889126114034324,0.24242890626835303,0.2889126114034324,1.1528140912881462,1.9360375033233586,0.6976892122059692,1.112434052062417,1.908648425204063,3.1260019057799275,1.1000519675266487,2.3545334848786035,0.7320224980926684,1.5386991607902039,0.6720511334783635,1.8553405250045805,1.8224664170910558,4.096841096994253,0,145,06054c67-d2eb-4c71-8f94-4769632416ab,ponerse_de_pie
2.581077254921099,0.3596246077788059,2.667656410795417,0.3771104465162909,2.9107366385404307,0.15438043195709214,2.9030431045761307,0.16804926241444182,1.597554294717092,0.05554095344406807,2.4238706816519224,4.040272376197491,2.4238706816519224,4.040272376197491,9.85261871308168,17.335936197907554,10.860174782375587,18.13290934131853,17.48870516641035,32.02389389501989,20.08603076275783,33.070745575177355,5.837541486807283,8.163221079664726,6.457445228352069,11.352685125675146,17.770105678167297,37.01505451488296,52,127,0c77d548-3254-42d6-a218-57fa231d7c3a,caminar
2.3339874373742835,0.8056036376990386,2.5017800351883555,0.7825130950475672,2.288489428143207,0.9475048118988568,2.2204363042085737,0.77513696217501,0.5927934482902888,0.34871576111642133,0.7281768906936045,1.675803698846928,0.7281768906936045,1.675803698846928,5.023007394778245,10.001441573046604,4.385856576083243,8.083584120432311,4.913166063982134,8.526307451771643,5.0347617482110465,10.722656935249573,1.8931226121134384,3.5819776238577785,2.0748207491613915,4.002482068554289,6.5647251017596,12.539833755493557,0,90,0d623b5b-79b2-49c0-8349-4b5c2128bf01,ponerse_de_pie
3.0914781610638005,0.03149453621020762,3.087665081199869,0.024241668643615513,3.0569298094471224,0.02414077746911143,3.090349234616764,0.02968616982176875,0.008543721686460885,0.005334129666390238,0.619860678033225,1.7353818669922234,0.619860678033225,1.7353818669922234,3.9726681309070804,12.496458111686158,4.671168195703665,12.968937952880317,7.81970337385386,23.15410635537426,8.514601159581556,23.654611405045678,1.935101355365263,3.9036190756585776,2.165106940813114,4.592742339812589,7.8602478672310285,24.74099927876559,24,104,0e3034dd-bbe6-4412-ab0f-cba2ff479e72,caminar
3.081221326905328,0.05244727211749282,2.9977005198431743,0.12915803727878286,2.8793252234479807,0.08118917150947212,2.92740106592898,0.1031175767686455,0.07741499087551104,0.047084586334061464,0.40267006180353493,1.4504723368934658,0.40267006180353493,1.4504723368934658,1.1471911082005672,3.402179151072809,1.1068789065301856,3.3479474251908994,2.090407534594901,5.6142054599972635,2.1856160777218996,5.6866731017691485,1.223018610015331,2.979847508908515,1.0060685112603385,2.8405592516720644,1.9871012308588103,5.867617721014716,0,95,13a8de7c-e804-47ba-89e9-6913666bbeae,caminar
2.55825558183308,0.7080832186820173,2.2892414539322314,0.7747395102124248,2.5407164950848062,0.6136030070763837,2.1274756429681476,0.820058835784918,0.11600200321267469,0.10691722581191722,0.8546468883134205,1.4746744682285744,0.8546468883134205,1.4746744682285744,5.499349311442658,12.019349826474505,5.471745093542238,10.894767688620899,9.492155796140452,21.537492667487744,9.176787844470162,21.427946992185493,3.5040124693223644,5.531592235732555,4.733180619850459,9.252571212153539,9.46007576839129,19.795755426592397,0,110,146a36af-bf5f-4fa3-b195-77b61d691809,sentarse
3.0520658336387343,0.06995422471041458,3.0088338523694995,0.09130977174625958,2.94263166513149,0.0683696957879494,2.823461037243547,0.13612450869234982,0.1844042339435352,0.05711940347114055,0.7521830123121986,1.4731222024466855,0.7521830123121986,1.4731222024466855,2.0628172717520328,3.492366859961282,1.9782800071607756,3.6118821854114236,3.7163725788212267,6.523225725815647,3.407805046893819,6.311322231280477,2.19349690438689,3.942855107617231,2.0151053170675786,3.7906056159627908,3.287551222564269,6.130388522142758,0,55,16f0298e-b6d0-4f52-8292-a2cb6423531f,caminar
2.915593320221134,0.11483269866020313,3.066257023830508,0.048001544168265506,2.9904941780480896,0.061665231033545216,3.0193284042387027,0.05336575575303681,1.4640414801945159,0.026665428244080767,0.7133848871433381,1.7528132911859264,0.7133848871433381,1.7528132911859264,1.4352081336026252,3.7129823833831415,1.5428567981276622,3.6469657224622947,2.8054919038026185,6.531349958118107,2.529775177873453,5.611860836212501,1.8299109490726206,3.824139385276968,1.6496699307417326,4.144568749470969,2.9083114371845227,7.280629035149796,80,155,17b03470-9955-482e-863d-ae954afd4f53,girar
2.329006724180513,0.3739189198603633,3.0431724123355903,0.07608942231501113,2.32815551561424,0.28705299361232733,2.983894333328869,0.12460042142134613,0.18755046035851886,0.08046450942345741,0.23503006919732997,0.29929562560118844,0.23503006919732997,0.29929562560118844,1.1095830008124565,2.362399418360565,0.8182647164423903,1.6495991455333368,1.389632786093406,2.801516952492943,1.3391673666554298,2.958440545882143,0.5661789575795464,0.9423510115985266,0.995133675728297,2.6375374624993704,1.9511744024248356,3.2625696222296576,0,145,17bc70cd-b041-4259-b479-6f9f64491090,ponerse_de_pie
3.0049520728634502,0.13751010017195867,2.972780529100752,0.22327362298841094,2.8125818781842975,0.25077975605011815,2.764607451684183,0.11240804695319692,0.0741336317349598,0.0487071315034309,0.23106641406740422,0.29018955615010483,0.23106641406740422,0.29018955615010483,0.8066246388590164,1.5734191595848064,0.6437642260563045,1.3326026958167676,1.0373046683753315,2.8184339987081555,1.163073882058189,2.879207749210063,0.677532818224849,1.2843267677860575,0.755532929687774,1.731631018905951,1.924413164280716,3.971223993522957,0,145,18289d82-1288-4544-9b24-13debdcad6b7,sentarse
3.025999934102863,0.04620433044145024,3.0415008689873457,0.045951649059210994,2.904935775398037,0.03019337848738796,2.9909569930056916,0.04736057866448649,0.13530690442852764,0.030375925993304326,0.679289865805212,1.4624906895344318,0.679289865805212,1.4624906895344318,1.5577600027330254,3.372460921156752,1.7179277814847296,3.471581081997125,2.6656380428860715,5.686956203199301,2.812529540278538,5.67710999779908,1.6067751899188216,3.5896183963714576,1.5160840494412005,3.161346079246083,2.9001704269905018,6.188987473417209,30,80,18a90832-982a-4dc0-a755-e36e008b987e,girar
2.247690078918987,0.41090712346645425,1.7670040141839962,0.5079293116319208,2.501677975806537,0.20928815574811213,2.0186884856953555,0.5141088076769369,0.27321684232972865,0.1232157597834347,0.23333326599764942,0.26749127045746524,0.23333326599764942,0.26749127045746524,1.0776877326023286,2.739303135418679,1.747428394204692,4.254971465489058,1.5646741899262089,3.404744087908436,1.7629365153640433,3.858088868922379,0.6603081353407578,1.5014564305284785,0.8621571894826883,1.4844873992019079,2.1542154964651945,4.676644377777656,0,145,1a079dfd-afb7-4177-955f-1ee24520e6c5,ponerse_de_pie
3.1201081598550355,0.020074248635541792,3.1159981984135943,0.022112770080499566,3.059290271005173,0.02502942259815124,3.0908467475362897,0.020617671509246708,0.02881556438438831,0.012745383613102504,0.515715724281078,1.6390286665880716,0.515715724281078,1.6390286665880716,2.6261504549079677,10.699991245023018,2.818061725705203,10.175670657961732,5.447213204636702,18.80233190841585,5.431539962123481,19.947876656272204,1.5688008401965925,4.199747270886498,1.2750910475794808,3.045250231406638,4.900248570965442,22.104232534064064,0,125,1a728789-28d7-4fc9-91aa-fc085e3f9386,caminar
2.9704062990540425,0.30247059061439696,2.7433886219365693,0.3868318740511137,2.804817296333704,0.1639838998483464,2.813168599228077,0.37760012082113326,0.09032596365977943,0.052127737397712225,0.27109366735727836,0.34416486589441087,0.27109366735727836,0.34416486589441087,1.2371270895666122,3.257879190060397,1.5666651901847024,3.9842529728507943,1.725719954278496,3.2310748832292564,1.8859375635152777,3.4366811844034615,0.8071418415633765,1.8600703894369957,0.7377482810974271,1.3333589551692153,2.124683949738293,3.9753535435576324,0,145,1e944399-6866-4acb-8195-bee1ff58df94,sentarse
3.103432124236134,0.033631707629737655,3.109209285176877,0.020113408499009534,3.0646012013135295,0.03456406134657068,3.0750719919070377,0.018678663010935116,0.014304004968120905,0.011594060402088309,0.4838756573413886,1.6278867448632883,0.4838756573413886,1.6278867448632883,3.232023269574938,10.598060143675468,3.3518674450375228,10.3397124129967,6.352606030770896,20.00422784271159,6.18782253251354,19.867403726585703,1.9294697816652577,4.906127467605394,1.4491157927420624,3.806206282595474,5.971486091827697,23.850682627785307,0,110,1efe32b3-2eb1-4c81-be27-2fee119e5df7,caminar
3.0972478106596215,0.02775147243338941,3.1126614376024326,0.017366622174719584,3.0390989145300122,0.02559710026039067,3.073211102249485,0.03335890814565727,0.01350941131257799,0.00988806378338795,0.43632899363763306,1.7487839068569455,0.43632899363763306,1.7487839068569455,2.6920495836239846,11.460658239581997,2.8881202896166527,10.498141208260893,5.30714692238834,20.984834684911817,5.3473340703494285,19.447183438716554,2.195745369424882,4.561728582575374,2.0811858641475527,3.6469200866098896,5.046691307595381,24.62354399687874,0,135,24f4d181-905a-494a-a686-6e1b220f1f24,caminar
3.0153843053736735,0.08811437268656493,2.997527206614001,0.0801903917729654,3.006592123506619,0.07602615433213242,2.8599488166759746,0.07663922987248657,0.06300855291416402,0.03701555730437242,0.509859683537286,1.623259726440973,0.509859683537286,1.623259726440973,1.3842999569763608,3.256834401024199,1.3376521550777907,3.187537455999939,2.4117378606892954,5.256124719113843,2.3130435062128702,4.951975529753083,1.1412682095795175,3.2490064614077605,1.3478925810104756,4.157491108739618,2.7936232351981847,7.446417733560807,90,175,27eb695a-c1ed-4d91-8a10-a4db514dec4f,caminar
3.1107379424864714,0.018946137558164513,3.110493644564132,0.025970466624379577,3.0729170942790813,0.025059250931039653,3.086549688133114,0.019529576584534004,0.007944188718284513,0.006569463722627547,0.4120337388655199,1.6251527014418505,0.4120337388655199,1.6251527014418505,2.784844869333853,11.402689835548516,2.9749093315825443,11.371884701293059,5.3634361133598585,21.51429796920092,5.69974128448613,20.963481919877694,2.368315124342773,3.9620521388591503,2.4400765951629264,3.9603424410783146,5.3162949342942465,24.201158021418685,0,120,28aa9950-037c-4c90-a896-cb6f5351eafd,caminar
2.9346847727438528,0.15735765444829422,2.884327021275766,0.2552044107315725,2.827626112535819,0.10712201499787138,2.899856266168369,0.09971244869204265,0.17687503556470896,0.07901991701174896,0.44663226216134,1.656832934899379,0.44663226216134,1.656832934899379,1.3059416538323458,3.287016014905577,1.513322404829363,3.7047262663887612,2.519866021972316,5.660071731767298,2.998340205420226,6.180067972122113,1.1761402568992632,2.8144231891682696,1.206653303659467,4.269046183838402,2.3929482987177404,7.6445256946903966,0,120,28c5e12d-9027-40e5-858f-5ba5f693b0d8,caminar
3.037063893863258,0.08245979860180282,3.0631338119455744,0.060900134800750245,2.8877364782421866,0.06440603965891409,2.869674354913024,0.044985776450734594,0.051461940116533045,0.05001495543674345,0.573405950530693,1.3695955427562125,0.573405950530693,1.3695955427562125,1.4215179550696762,3.301243512184506,1.317547436947398,2.95922823567395,2.878124781710172,6.284278370707559,2.4837332726423367,5.133593985630309,1.3712368223527593,3.2070301171312514,1.5899513389197575,3.656305297765324,2.6247431412722366,6.154187198434221,0,60,28f16f08-dbf1-4bc0-bd68-55923607f2a7,caminar
3.0252046632070666,0.0847928218147561,2.3489788769927546,0.3400899765328112,2.7365055880028875,0.179049085285347,2.4017282224307577,0.24680933706331581,0.29382317102877076,0.08073335740301883,0.49329374399596515,1.4320022327655253,0.49329374399596515,1.4320022327655253,1.0621460479390055,2.1403946082089362,1.6360618595041596,3.3740244802573494,2.0266240529560307,4.9715287720420305,2.1077146981761583,5.474228312326192,1.5201529076434774,3.8072201639679024,1.7911669732532216,3.6793440834549114,2.1172657692155217,4.299962292159793,0,75,2b481c8d-a287-4765-a0c3-b0d7cb1115e0,sentarse
3.0819862501347846,0.057251580645877986,2.9869886673794923,0.10392518726666225,2.9892977313496254,0.05557383837512171,2.9842712428300864,0.05860544029451466,0.08495866405984324,0.041597403314129935,0.2810775088686791,1.1217318735522837,0.2810775088686791,1.1217318735522837,0.6901075442638138,2.402115706293263,0.812337438957229,2.321223385248522,1.492785251395744,4.342265069964144,1.2873206572082483,3.3754987558752956,0.815400720483769,2.5587685282329486,0.6445077281553192,2.5896159286328575,1.732081926675383,4.984722274565977,0,120,2c8f1677-a27d-40a3-83c7-7ba7f21a4093,caminar
2.965582601125343,0.0939431626013348,2.905162237379857,0.15702101303985247,2.936517588570127,0.18224606338045582,2.85336272515146,0.09565649668546589,0.08518995622366693,0.06473489427757842,0.21060894176216688,0.2580327501817693,0.21060894176216688,0.2580327501817693,1.0989563269146443,1.8275408477775843,0.9887119195564757,1.9478798212923512,2.0923042057955277,3.8955928087704867,2.033934972633381,4.5722467471441215,0.6809441913886879,1.1906352352167582,1.074826119884281,1.946174859984993,2.2524379273545545,3.428794224717261,0,145,2da77ccd-f690-4e04-9171-0fccef89e28a,girar
2.7630856344803174,0.26078541348301576,2.6989655696761203,0.29587985555581914,2.8991530683882156,0.0826224258267274,2.9427024780546684,0.15701417590845437,1.522825497500276,0.05543555746558237,1.0365592102415793,2.379291548910682,1.0365592102415793,2.379291548910682,8.31419313736779,24.61791274930212,8.107795999772932,24.60515261958102,15.817294626848467,47.23162659383378,14.886907328497164,45.699626773277124,4.529569191829045,13.838197380939093,5.4465900467858415,9.523522929328916,16.655271861251123,50.667740371501,10,135,30cd95a9-8a97-497a-9b76-17fe0edff50f,girar
2.8797852343917456,0.32389327847285165,2.9009254397829176,0.23720962797079068,2.6730676735256904,0.3910642024176032,2.6727251696273737,0.29346103928680056,0.11583726686916736,0.11245972754135217,0.23677859724363473,0.36038651254594334,0.23677859724363473,0.36038651254594334,1.0855216042874785,2.015306231185318,0.6762069841183855,1.0775426421108703,1.366074038796302,2.668665770632945,1.1445904588946023,2.2408821121093276,0.8142548022013776,1.494792011653125,0.8235889224082914,2.060002236707384,2.3450313615927616,4.0115610988527255,0,145,318f4b8b-e06a-4ad2-bfd9-94539861c568,sentarse
2.1020818705867788,0.8828589572889733,2.30139029235909,0.8054219421761727,2.114912368952151,0.9465240455861557,2.1306538923268676,0.7178172302398648,0.5278280940865728,0.34943942760213664,0.710618078816754,1.472242685177634,0.710618078816754,1.472242685177634,4.935774301146668,9.9465589571155,3.8873289317639994,7.444793761327606,4.7154816961892925,8.48414331288239,4.696041373670537,7.92685882541849,2.464516845094014,4.563936394353294,1.6156299188703123,3.3225766873077576,6.517968084505244,10.300387256754535,0,100,326ec85e-46b8-43f5-b5bd-e30062f18e79,ponerse_de_pie
2.6772954583802298,0.3414826182371207,2.808648231594989,0.25079054836435516,2.6069349401493147,0.29736091285263455,2.6615137831541054,0.2624299038857568,1.589464792689774,0.032583765185990064,0.28255300977359626,0.3553519761900226,0.28255300977359626,0.3553519761900226,0.7822392613275486,1.5914120374605443,0.8229505928098615,1.579326880065607,1.1119021150071364,1.4764970703221048,1.1397628554997434,1.4856090820233308,1.0714780537099744,2.0363193152805956,1.0089339836733997,2.284072105995425,1.9164796140475353,3.749569212900097,0,145,35aad5ab-e414-4f27-aeda-2d247cfceb63,ponerse_de_pie
2.5429619276295643,0.5261733352444107,2.254587215139172,0.6666976227585221,2.6095390918501478,0.2868984159045359,2.3080704416244164,0.6348135881997116,0.2188242304475903,0.13846809451396222,0.2844911815410233,0.37043984783875655,0.2844911815410233,0.37043984783875655,1.2851211201764452,3.098781039716054,1.7843334296961944,4.266874931381215,1.9733001504755934,3.4440315027375505,2.0442317531041567,3.937093649520222,1.1526743921603309,1.9628057698354853,0.689318271854473,0.9953978493974994,2.724528327498114,4.2032281161759615,0,155,3784e5aa-c432-4b7a-b4a9-754de6af71e2,ponerse_de_pie
3.10055502359043,0.021554533286578862,3.1207209132991123,0.013267367885506188,3.0622701724179553,0.03026407501059686,3.0872296704535014,0.035595891626616104,0.01316332100758698,0.009709374486473826,0.3071872498598378,0.4215948765897046,0.3071872498598378,0.4215948765897046,1.5534818878480372,1.4576951779654552,1.7241806725297366,2.7048983037988776,3.4365278172019433,3.532236987104072,3.5524078315931433,5.537503944617988,1.7615666702392552,2.981540188532378,1.2912968417295818,2.4579287647141923,2.906980429550475,2.6625682027351054,0,145,383d0981-bf91-4864-b359-a0c006c65c73,caminar
3.0003175130589357,0.15904670964630108,3.0562441320697147,0.04183276100892118,2.9802719730751925,0.05375112272745496,2.8547111262978313,0.05504462518997387,0.07025965094926652,0.05491000193506409,0.5693827359482403,1.3242662184525358,0.5693827359482403,1.3242662184525358,1.3620273192818015,2.8794168408071763,1.4331793596604365,2.9709597973906865,2.73751436235203,5.803532682976489,2.3811720582652263,4.855035137116108,1.7759779569995944,3.3893224902063666,2.0024180848675437,3.991503141125208,2.814754456436592,6.127002445564188,0,60,3992b3f0-bdc0-4db9-999c-0f9c834c0455,caminar
2.8560095978053934,0.16318457213265508,3.012970229445593,0.11231135531607742,2.910301775588433,0.06635334791687435,3.023041725814322,0.049704654113796105,1.5668247493014806,0.03339298962924662,0.5082719577855304,1.6942844004325321,0.5082719577855304,1.6942844004325321,1.3223550398973216,3.630005008587138,1.3098209960793306,3.760037876235961,2.9170559311150708,5.458648447005426,2.5244923477804937,6.232572485746369,1.472895194242682,4.17193241799382,1.313056887824831,3.9752672282622936,2.317555792779233,7.242755582596274,0,85,3cf5832a-4ef9-4263-91c1-b0e24d04012d,caminar
2.563325943294232,0.39856926504643775,3.0303494605389596,0.087707535327945,2.46395639510991,0.4834734360704067,2.7254651337789917,0.17103993653626365,0.1826315760546113,0.10855068093737198,0.2518480931038677,0.36953397274355887,0.2518480931038677,0.36953397274355887,1.1146556412296478,2.058662534793427,0.9628586298638905,1.8431675506629417,1.3644526312973206,2.1516429162093256,1.7564590683121908,3.8997933493517953,0.7091941670520722,1.144507743421036,0.9828236661122021,2.055425618187457,2.268541427657001,5.018173336058068,0,145,3f695b1d-e55e-46be-9ad5-1fbe023c25d2,sentarse
2.17855738097654,0.6903209688053505,2.283486483978933,1.0174859931135223,2.1056991796728095,0.649901566376099,2.322515805672672,0.9703444129699681,0.06881246760224204,0.03443566699192684,0.6632521336276065,1.6737748399028072,0.6632521336276065,1.6737748399028072,5.319836323826767,8.741878481531543,4.540401474726104,8.279855848216423,6.720080741862699,14.898581006929097,6.500001304607987,14.660413577312914,4.147513972573931,5.640647037553166,3.205988738819476,5.177835747821011,7.766327568556014,18.483583720894448,0,85,40833252-6fc2-4284-a526-1f08e56398a8,sentarse
2.1050507179074662,0.20705127890523975,2.2212287849675914,0.1375091151194179,2.241695596255909,0.2551760689772802,2.1513914857839236,0.0855709116831739,1.6390962486343041,0.1101597414607516,0.5021179094666118,1.6230352000948343,0.5021179094666118,1.6230352000948343,1.4427912527901094,3.6460575298899753,1.2909010990174723,3.964112187912865,1.732310699252809,5.355365958736757,1.7410309048618555,5.650422345793861,2.0482475114752856,3.993950940296124,2.1594313650568386,4.277191020429848,2.1158894588462394,3.5080842263346663,71,166,40ec4264-a50c-4d1b-927c-d15056a63f61,sentarse
3.0257505984919915,0.0553046247961854,3.007201762762112,0.11352690355671002,2.8210040497609787,0.0345531091829975,2.927430152139855,0.07831571386098762,1.451315472865534,0.05962341572028751,1.243440305849612,2.9973479291285834,1.243440305849612,2.9973479291285834,2.70298289440138,5.491800556143963,2.5049799948381835,4.478677719727609,4.7142085123122826,10.07190293735938,3.900411632701559,7.921266460921618,2.8434938418999494,6.481054972172059,3.3522946299517447,7.447737622470892,4.855562549005862,10.451869539243662,0,120,42c181d4-7eff-4c19-85ec-60a2dd6d66d8,girar
2.967922835743336,0.12942449462335043,2.906514360827442,0.10553286384902098,2.941024523646207,0.07465783681525107,2.806690452446612,0.11812429445148569,1.674509179167165,0.02582501156761083,0.5969165188240023,1.6125847087707674,0.5969165188240023,1.6125847087707674,1.5848164622578091,3.597173046852335,1.4115704177840085,3.6100288109948626,2.7380833079904603,6.2605946835336495,2.794097523707335,6.2956644108412245,1.7077532067729133,4.439754888463088,1.5541204669535502,3.841870113684014,2.710730951698611,7.391959517172283,0,95,4be854bb-53b3-41af-b11e-24549d473946,caminar
3.0284133444819994,0.10441287281177847,2.399000345799517,0.3597156323235689,2.8199848713870015,0.07729493727492436,2.345602268364873,0.27979759837826723,0.30792103830717443,0.08004168409019646,0.4678053664351221,1.5084256798175124,0.4678053664351221,1.5084256798175124,1.0679840434833774,2.146506622449412,1.6205831763088687,3.662235742460529,1.851863765246292,5.377146841247468,2.059092616226319,6.23390311924158,1.5854878703774418,3.770535371469992,1.5337059446344898,3.683898725420559,2.226031129552256,4.274977804897432,0,85,4d444785-d641-4863-9bbc-277bd739e16a,sentarse
2.80984596024123,0.29078146018213996,2.9720887954837285,0.18582441073428038,2.5263849643332716,0.3059934154006874,2.7942898095894346,0.11846092337365138,0.0502304735562576,0.05563274972003319,0.6339754448646455,1.3353140386887197,0.6339754448646455,1.3353140386887197,1.6945951678015982,2.6673816833202424,1.5367674423975535,2.6426684258221735,2.4974504917600644,4.807357397860384,2.379737930835163,4.886582092785247,1.989497569258927,3.552015057536698,1.8536879408404305,3.291872688521968,2.4552946063850953,4.878516817282514,0,50,4fab8c3e-06a9-4038-86f5-980af0466633,sentarse
2.9214643740483823,0.1977751157646159,2.9956386439192846,0.20192438033372098,3.0126405042694264,0.08770827962513239,2.7975629847882226,0.0882138451249238,0.10208263937667775,0.060830780267017014,0.3469882714532895,1.6390904298128959,0.3469882714532895,1.6390904298128959,1.2056628192022807,3.55724194296397,1.0704934703487745,3.6672317219431396,2.444654609365278,6.086783783280807,2.2647865000230047,6.281045011041974,0.920473576769924,3.553227629631505,1.0354597891750927,3.1825939155267275,2.2607060755239297,8.031299112523048,0,160,51ec924a-00f5-40a0-8e0d-ce464fb0162f,caminar
2.758451718806823,0.427802376326938,2.874691131297914,0.24447742126242444,2.8342021381634703,0.19671040394701278,2.7691388398302483,0.21217898896624737,1.7515779827897515,0.039972242102590656,0.764010226224743,1.6376075714184293,0.764010226224743,1.6376075714184293,4.494370761908542,7.273456682846888,3.6127403785795753,5.861969849667521,7.217022071270956,13.360208740721596,6.214991023158508,10.453718275250838,1.7354874628727253,3.3936717151863567,1.2793491695323254,2.6725052342515543,3.9213318196855447,8.263665878824867,0,110,5276d09c-8ec6-4aec-83b4-078748e0e64a,caminar
2.5526092279212937,0.4317171127636528,2.222495383360025,0.6320039749588239,2.6513051894898627,0.19989282925905752,2.291451493134486,0.6065775271991245,0.22539014841677016,0.12390962114527944,0.29021995167437076,0.32429799667263337,0.29021995167437076,0.32429799667263337,1.371020100170378,2.848249299224821,2.072499148672747,4.535289585036413,2.308476925736434,4.5178076995048855,2.4601873594565293,4.130765839036645,1.2406121615761165,2.404317952276654,1.845638172931966,4.427683678180417,2.699272509315382,4.13509030306429,0,150,52939da6-c85d-419d-8368-f2b969830371,ponerse_de_pie
2.2021801959364167,0.6702317879041337,2.3553684510208424,0.6359873336099846,2.152557009700232,0.6491327126343099,2.3198376955634012,0.6023962041669574,0.005542411589216146,0.004180985436427528,0.7662352050385935,1.810625188804135,0.7662352050385935,1.810625188804135,5.390452296332275,9.508975110426011,5.216326484091126,9.191911930460028,7.999071174984935,16.726971985868367,8.068392868223302,16.38431207153834,3.2929025325000483,5.359498393421037,3.5434241873054813,5.675045597696754,8.3789462455028,18.759658448082764,0,60,55ba5e6b-9f60-4c31-8068-54892de7c1d3,ponerse_de_pie
3.092013443652411,0.05405522004943033,2.9930197474683617,0.03764257722766339,2.937196354575935,0.09154158093847428,2.915445935945866,0.08063966633672835,0.0832838810545471,0.04453839207177428,0.3933874955707936,1.3649106715429604,0.3933874955707936,1.3649106715429604,0.9808896841371135,2.8915775111584363,0.9753457877252188,2.8621549876167984,1.780507861240957,4.879936680662687,1.67794471280425,4.911988218065373,1.0458612363601538,2.910782593367976,0.9538963685255829,2.991694362347873,2.182537507238306,5.92052801033205,0,90,57ccc98c-70b0-46bf-9d59-276e1f431aca,caminar
2.9922057889909905,0.059582260628456764,2.9968258504642167,0.076165654201207,2.904521930024075,0.09678990656002745,2.8517175719195293,0.0823063511789118,1.5713417673382724,0.08439471871588117,1.8010610034023593,3.399895594000706,1.8010610034023593,3.399895594000706,2.4465777566758207,3.481110511351187,2.7236669265368105,3.9587717166141076,3.0617870601805772,5.49803808791203,3.9981201707666467,5.855424486881394,5.173072457885318,9.685232794584257,4.646701711142459,8.705572504437033,3.450552729739908,6.98590726966936,0,155,5a2d7704-c1d0-40bc-9bda-9a2edac00b0f,girar
2.9579845899798953,0.11255950052268457,2.90290385738236,0.11481539704062062,2.867114152234069,0.10618001429279365,2.9694086007166125,0.1434403320683979,0.09353106534245605,0.07670937675155037,0.2591100718797417,0.3944529504056331,0.2591100718797417,0.3944529504056331,1.5497200125204635,2.5497787343418326,1.2962775720041961,1.7602690512356396,3.1585347229826075,5.143003018966496,2.8295062402889886,3.9570108825380856,1.4778947337844208,2.167949272887806,0.9329975711696303,1.9252472276337165,3.3112171737599367,5.04202964597321,0,145,5cbeac3d-9df1-4c2a-864e-fef52e258893,girar
1.9690150596281317,0.7129691361566523,2.311956897881295,0.6362256822929229,2.291376727094776,0.5334475058990299,2.686997350302728,0.2381899135948914,1.6762246948092043,0.2596074626140176,0.6692858596513976,1.823210081212231,0.6692858596513976,1.823210081212231,4.0379623244418745,7.158467679853821,3.252584853014382,5.018131261033501,3.937327757659976,7.800183197227621,3.8821628918937603,8.119730842404419,3.7344870457927555,5.194627996471396,3.3021940956162137,5.91860296599445,5.425091653152057,9.392930919756305,0,80,5edeff9e-cf0f-4619-b5b6-1cd01b735d70,sentarse
2.6273780607915564,0.21647201163937654,2.617019969491496,0.1762530238589084,2.497760150267499,0.16722631970129528,2.349338890418069,0.1357784633931004,0.15119437107822692,0.07655974855614878,0.25573248529072024,0.4164547449328517,0.25573248529072024,0.4164547449328517,0.8995602148253358,1.6959319283613172,0.8828361396053335,1.6224490649258492,1.2080804544297246,3.0830737510526443,1.3272864432910199,3.3282562626812466,0.7193162148439557,1.6323826016624203,0.9967806665535371,2.671774319317014,1.675819574574842,3.3628439929543106,0,145,62b178f9-c229-44d9-b1d6-8ae9d3bef2fa,ponerse_de_pie
3.064583792081832,0.08082271880884542,2.9660714788164206,0.1308802271050858,2.9441602121414507,0.05319752717077326,3.011546455737185,0.04467250238097515,0.0617506860714841,0.050234680776105455,0.3179039495023482,1.3761741290032563,0.3179039495023482,1.3761741290032563,0.8596633067782586,3.1438009072128636,0.819863553899462,2.810743416943169,1.7617791762726995,5.5792023333992375,1.4644607101303924,4.142180442915462,0.8482117000164348,2.6760569713063833,0.7303319902908266,3.02818538503786,1.7945658275064458,6.286304602846013,0,120,659ae694-d037-474b-8e59-d62b35dd11f2,caminar
2.845453185245726,0.26979528402868946,1.924946255555347,0.6233970227804959,2.835367429855177,0.10405998690331467,2.271422232684859,0.4774796835311087,1.4768421163194798,0.20055950924012902,0.579204707557417,1.6920606292775888,0.579204707557417,1.6920606292775888,1.8651683716779894,3.333149489057171,2.9144001040618317,5.263958414251877,3.0102958057481795,6.5866127895362725,2.94224041390366,6.204223880650981,2.4994464003797203,4.150854134395155,2.8280650729578105,4.501246975430098,3.5779961320186806,7.041198162255492,0,85,6604e9c3-c114-4d5e-aa81-178ce12e2122,sentarse
3.1088796862970938,0.01985808705506293,3.1103649031589025,0.03597661492908085,3.0618609070818827,0.02931205734330314,3.087296440492166,0.04650940004056242,0.012333931806614752,0.007391420721003648,0.5636277437412327,1.6666210812388307,0.5636277437412327,1.6666210812388307,3.908079098505679,11.803137146856457,4.130234824144786,11.557781936188913,7.641397183999506,21.98998691255351,7.327507572003871,20.372324567610114,2.1502866723310716,4.663738904903596,2.1256822334071184,3.7518038786752337,7.314008636685499,23.593602474626625,58,148,68ecbf44-aec4-498e-9480-b69a2567ef38,caminar
3.080312833745105,0.039910576252848766,3.0730024708836634,0.09613571083750005,3.0596707797102862,0.03475852269907296,3.075637329519584,0.041767508415058004,0.012753093303204356,0.008416354769312762,0.7520895758926928,1.6083110155384601,0.7520895758926928,1.6083110155384601,7.303775154528849,14.585223923260559,7.184298966545116,14.454852478788201,14.616168915247458,27.710123625467602,13.79598001946093,26.214701522409385,2.912938682095128,5.034270050718865,2.724989806407056,4.424241371749708,14.23131105344057,26.66869486941383,0,60,693eaf7a-3d51-4144-b7f2-d9b9ebe24466,girar
2.475703853668375,0.48627168007065996,2.2253570133916734,0.6059316095705499,2.514713009392036,0.23807805550250663,2.405203907702828,0.4369691940949304,1.5644427111009518,0.04597830660253722,0.5431664796245796,1.795469591482403,0.5431664796245796,1.795469591482403,1.4930853043632417,3.7167068705490296,1.8232785822992368,3.604709583506995,1.8347662034236905,5.2566540078563575,1.8664610528073513,5.105686210172221,1.525581705747896,4.342782506350705,1.929122091929048,4.439149863209412,2.3042506411236188,6.219363584495053,0,90,6972c969-4625-43ae-af48-3fb62d17e6b6,ponerse_de_pie
3.0620786169053655,0.056877339754112084,3.0528204286182006,0.10876411734460603,2.9948289236072543,0.10075352706117033,2.8522901535038425,0.20074520270311533,0.07128295133382254,0.022363270124116787,0.6476133843261445,1.3482382114843048,0.6476133843261445,1.3482382114843048,1.925040559873847,3.7151668257549946,2.117948432524294,4.062599107720343,3.5598162492272554,7.055278605854446,3.9677983155749286,7.250895697138001,1.8992893966494842,3.049310871958882,1.5151738409681252,2.4917111950760926,3.6857530488592563,7.634849330241754,0,50,6973069b-96b0-44e7-ab9e-5a750985672a,girar
3.0864190835072014,0.03459091850616193,3.118438928898892,0.019981362132251577,3.059674969703002,0.02343028696293136,3.055664081417331,0.03388421528396318,0.01620645589956915,0.009336343908011115,0.6287922258916372,1.7606869256390012,0.6287922258916372,1.7606869256390012,4.339808024900691,12.135506620233059,4.441293684101363,12.261497586209384,8.093445043744588,22.858455683027827,8.084989212394982,22.622685900628287,3.81424295771427,6.964341726607055,2.306363764811664,4.464598391682616,8.074666114762707,24.36496829088759,0,75,6b1eaf49-86aa-4eb6-b8cb-42c657597e71,caminar
1.7584662926718315,0.7024459586525972,2.048053495859857,0.5822515329741462,1.8191554082243984,0.7438855566270882,2.046511909822825,0.6760777115320604,0.4568959180636245,0.42728712397140156,0.7127116424755188,1.5890819704428905,0.7127116424755188,1.5890819704428905,4.466856148015358,8.832011104439012,3.637709701954521,7.609931543908596,4.674237649238065,7.749048803278597,4.5259915523280405,7.523029210979302,2.535052278317846,4.648019235375989,2.335835553154369,4.563133023103788,7.069297163206536,12.760610258062705,0,105,6b453e9f-2bfd-4cb8-a562-64f21afa7609,sentarse
2.9627799673219797,0.09733914145467965,2.8866703010433876,0.27002584369221017,2.8007005244503427,0.10352287075513265,2.901266867679109,0.08739383690212366,0.11636796087470291,0.04926289713071388,0.4071213001384932,1.6405323012235837,0.4071213001384932,1.6405323012235837,1.087714360686719,3.5777398253334103,1.3221540103732796,3.500525230745435,2.1582425980951823,6.094588055590091,2.1950423142598594,6.085049073800216,0.8945711005485973,3.1075888676714074,1.2097882659945516,3.698712886837126,2.2619072308065045,7.24633169533618,0,135,6cd33ebe-9d75-4ae4-88c3-37845671cc6a,caminar
3.062197919943054,0.04105318308394383,3.02383859921519,0.1876152377243772,3.0041946106009996,0.0242958608984673,2.8155921657643894,0.06346736778382397,0.10060674610607859,0.02851017763805741,0.8561137091203946,1.6335759642158556,0.8561137091203946,1.6335759642158556,1.4731738762375257,2.777899754834137,1.5807677347275146,3.0105136801309054,2.1721421437880695,4.181805684321805,2.421060369757678,4.526510429005138,1.7026125159585894,3.148252451766658,2.1033541438793835,3.8804888535049664,3.872347761587347,7.311539249737471,0,155,6d6d9e90-22a0-4192-8919-950a62034ce6,girar
2.1099804264467052,0.494270975503303,2.443397209676114,0.39749183118848797,2.2603176603471513,0.4444841353381366,2.74154920337282,0.28199162778537823,1.7692590154663945,0.42132883375637653,0.5516902140592846,1.6344831537247677,0.5516902140592846,1.6344831537247677,2.685085049340923,4.893524943105821,1.948354626461439,3.617085603526411,2.9064599349473657,5.774945136434364,2.8229482262203525,6.3618805418615425,2.010079929421288,3.732153333645338,1.914725426298322,4.266797370089276,4.524217123282294,7.443287287398409,65,170,6e7b2f92-99f8-4185-912e-6edc7c806f04,sentarse
3.107164019598365,0.02672485525439599,3.071235377987141,0.05215340569248885,3.044084352855541,0.029132786758473774,3.0762064299186833,0.02397356424040755,0.03542418830151667,0.008604752329416989,0.6229111671000066,1.703748671859011,0.6229111671000066,1.703748671859011,3.652437975093786,10.093446895719085,3.952892350602131,11.176959856603094,7.213264481449432,17.248624020440612,8.400646710398611,21.271921405523244,1.7715843185532973,3.8234097493099597,1.6155945479522007,3.815418195745977,7.309445149021518,22.360049432919798,31,121,6ea289a4-e74f-4b64-9c5c-83c864d8c1b7,caminar
3.0077468712052826,0.08103297072969613,2.963785433424355,0.08739460582921274,2.84616229626419,0.07676149487933587,2.8743934260562636,0.07967008632673457,1.5299635979096404,0.09109429873410456,1.9102837997672288,3.4262876971073863,1.9102837997672288,3.4262876971073863,2.384820834671221,3.3124098771774944,2.994480850501457,4.605411079260231,3.131241228694273,5.536610088998994,3.742860821523992,5.920132946994344,4.2119430129621,6.87023665089831,5.106168286173715,9.604716186227753,3.0616694418968096,7.1459800619429785,0,155,6ea39796-29b2-48f8-b8e9-a0af4da29d14,girar
2.7498828765023533,0.39350212137832885,2.7839850963699257,0.3831114561979016,2.664639544393001,0.38196700742839174,2.699816878395181,0.3769999043767338,0.01963618302751321,0.009900937535026553,1.0221672184798416,1.8281096749580017,1.0221672184798416,1.8281096749580017,4.45538522719553,7.954651306363013,4.501231893760245,6.766224390983581,6.5285544641073825,14.30906127836887,6.509590341511631,13.693791270318899,3.9181952604362014,6.41085719666778,3.4825523574711212,6.448125745546733,7.547051211134861,17.352548327031826,0,100,70e01941-3f21-4594-89c5-be2c4012dbc0,sentarse
2.0651066008716596,0.9175361933571947,1.9600741092624732,0.8018934065547038,2.133362425774593,0.8177062206540425,1.8564197606028294,0.8213415896233668,0.07025775061380675,0.04991312203018237,0.8689746554764121,1.612476868874988,0.8689746554764121,1.612476868874988,6.661349597594557,12.01826120524751,8.123258034046888,12.847595315059714,9.465831425526845,17.021787534614887,10.151435666782145,17.397696948842682,3.7250524329707098,5.820740764337096,3.8778627112254767,6.172229957819904,10.458983544749271,21.117504742969153,0,55,71dc346a-56bd-48f9-81f7-704eb0606d15,ponerse_de_pie
1.3175149477721926,0.20763986650163008,1.7372239060954473,0.20837061796776957,1.229632621951454,0.4164785209520163,1.594925841019852,0.6055492625842349,0.6280199960132202,0.5445995441780108,1.0745814201612456,2.12477322196008,1.0745814201612456,2.12477322196008,6.447876724111462,12.039162107019525,4.347173531184247,7.366685407254124,5.954170690411516,11.176600005326453,5.546509552188284,9.822301847012929,3.869884694308499,6.1794467333709635,1.6147255094304613,2.419175792474371,8.895500269067094,14.479190810137112,0,60,72951b7b-ee9c-4c56-a559-5352dd290330,sentarse
3.0152189128607314,0.0793794464534531,3.019457182768025,0.06670848371793926,2.880224774484861,0.10286782676092854,2.8243990179550207,0.04155965898680594,1.6190672094469036,0.06799010880394724,1.4434459220947562,3.3691249312006257,1.4434459220947562,3.3691249312006257,2.363150038181367,3.527138110308743,2.700302078979661,4.353815413295596,3.52218043503931,5.758814527575571,4.333764992923709,6.741145034340929,3.9356179281000214,9.202790834582213,3.763585037802115,7.677904433119786,4.173192933305866,7.140437398873769,0,115,740322d5-3230-4d4c-9ae9-344f92ee5519,girar
3.0511286626973884,0.05073292420722703,2.961174608959469,0.10994767115379296,2.97182088041762,0.03734205411739713,2.961885981729358,0.029093787702451485,0.053344109495659625,0.03339661256758602,0.35937052948423687,1.428203889076567,0.35937052948423687,1.428203889076567,0.8984849947191577,3.0513129769946414,0.9080885657611809,2.9020529845543597,1.8041278800229419,5.271075621163361,1.5509400437564265,4.084350675367468,0.8802730152675252,3.052114391163574,0.9124496475313546,3.2148435306824608,1.7066245516522836,6.229755228620829,0,105,749e7b12-cc74-452c-8dd4-7bb2e2c0e91e,caminar
2.9312500190089024,0.2638694277203241,2.9207448648382894,0.26161304363824567,2.979237497054061,0.10645519236330624,2.864334175211686,0.18119046422581758,0.2266151607103851,0.08143116475127964,0.48206278873563113,1.3125546248901314,0.48206278873563113,1.3125546248901314,1.6705812271075082,3.1298691992088745,1.4925289096339662,3.440364341662039,2.9647847046174878,5.900297200907494,3.05347193596836,6.643411928572846,1.5596570161016166,3.896629252242667,1.3753888155670653,3.6849698471335417,2.4408611372643545,6.250815273842639,0,75,75f30796-58d8-42a4-8405-69d3d83a014e,caminar
2.839276348821635,0.23174762990318507,2.77547734586083,0.3482688712806145,2.781071902577242,0.20234541598460096,2.6040175836415504,0.1802820137859003,0.11701180983007442,0.07120078662446958,0.39147580640923096,1.524248257521758,0.39147580640923096,1.524248257521758,0.954941648035831,2.6599905051234765,1.3531491867879692,3.166216389924081,1.6091054645200977,3.6386418883060645,1.7267032088375536,3.984775659452241,0.9798733934754087,2.602768257547579,1.2125694835110716,2.625960426379156,2.941893187993878,4.895196495621861,0,120,76e36857-d7bb-4ebd-9d87-df9ed798676d,sentarse
2.1029724219156964,0.36967369169193864,3.051511927120808,0.06714725333525144,2.1131683502377046,0.3666843748734199,2.8544758529017913,0.16394911065693643,0.2572865033506132,0.09844319211321902,0.22172740626550944,0.35002931849570895,0.22172740626550944,0.35002931849570895,1.0796709256980361,1.9420241096459492,0.956981715398587,1.6726427920076399,1.073306766494468,2.29251926143771,1.7990247528437109,3.755036942070128,0.5816835767654737,0.9149384505167025,1.2204943910149324,2.4877752449472377,2.048580746714755,4.653043094113406,0,145,7af265a3-f136-4e64-95e3-3644c969c8bf,ponerse_de_pie
3.0544806690644632,0.04306609187892482,3.0495628769927596,0.07350408225516061,3.0114323882524032,0.07032731395795583,2.7859236975923563,0.09456931139388357,0.08587348454144585,0.038452086997964825,0.1842739356663022,0.19125278170349091,0.1842739356663022,0.19125278170349091,0.5062421171858495,0.719263943980268,0.4464933049740985,0.592030110465975,0.8355311595125726,1.2498654607456678,0.8726905380422794,1.1782011253867695,0.37645969666665546,0.42165019507888263,0.49915530705195965,0.6000246034303907,0.8429431997440489,0.7947607889131696,0,145,7b0435e2-4194-4c06-be69-a88b1bc3069d,girar
3.08811583756427,0.044420915560705,3.0131450496667465,0.12886066818413733,2.942958199413387,0.06573912356911528,2.9339226293787837,0.06093801497373141,0.06752655057274208,0.0455838017427177,0.4184431305151811,1.4357568831337517,0.4184431305151811,1.4357568831337517,1.1309409129082717,3.30528973141577,1.1272626442406668,3.322511603430946,2.0822751146567136,5.638646659055167,2.134225528068878,5.635028329940761,1.1414864521590284,3.4434671404156973,1.0279546603388006,3.1709001887287496,1.957142379562169,5.893733669738278,0,95,7dce0480-c283-49e7-a6f9-830133dcbdce,caminar
3.0808387510087516,0.03596045005301169,2.9815230709729663,0.1282841771662528,2.929198911833355,0.07908444485614968,2.9372350412893042,0.04629271697979456,0.08631628236673208,0.05489788257091142,0.27912010454918124,1.1464126497220757,0.27912010454918124,1.1464126497220757,0.7682947961499791,2.3562689797290894,0.8169252387212838,2.405656380925106,1.5306758394873001,4.04889369314598,1.4331045830476035,4.028458916542888,0.7522663095679815,2.5498864502677945,0.6042170754396995,2.3916867506164667,1.6235775768389038,4.8123956879804135,0,120,7e0ac841-a942-4d0c-81e2-3600ce98e4d9,caminar
2.992284282340713,0.14059085795146617,3.0239347526365923,0.08634181657807574,2.9069054480708276,0.07721940705352351,2.8528245075639704,0.05107846016280257,0.09069645420779343,0.0888747256608068,0.42301928724026794,1.7309526931637504,0.42301928724026794,1.7309526931637504,1.1367536468200332,3.197866096800224,1.2175959736199682,3.482550857657847,1.9227805608435866,5.608896936595426,2.0984871865249657,6.37705005577927,1.0541477610703345,3.0919961807925858,1.1052238325642127,2.594973747305706,2.888345474172778,7.932586310845326,0,120,7eefc50b-e82c-4ba9-b000-390b47fd910e,girar
2.750902185470761,0.3226616264081503,2.915916914372566,0.08544673513787604,2.857192860982442,0.17404190641359174,2.763025984239424,0.07833216840603863,1.5446757177481223,0.04897135089719989,0.5830472064777853,1.6066889786823768,0.5830472064777853,1.6066889786823768,1.8892101872984746,3.6117993012153757,1.5701837718865923,3.774703519677022,2.7773521508197243,5.624585531058914,2.664680338754929,5.823714366232931,1.3764895899509118,3.641705564671162,1.5339656867763114,3.6957415991226386,2.546922090108804,6.834614912210851,80,150,814dc4ff-136d-4da7-81c9-800f0223da6e,girar
3.103062058092143,0.020614194505873724,3.101611256784071,0.0242686486973278,3.043448906366474,0.02178700991945913,3.0765018505716855,0.033542937216406415,0.013662926481490903,0.010688512264913772,0.500933627897174,1.765756162886249,0.500933627897174,1.765756162886249,3.119503546778958,11.865033304688952,3.7082726579559067,11.823915048986878,6.070926138585963,22.51528738934341,6.606586185216379,21.743038947944928,2.6156759102218095,4.955858569672945,2.0462886063905823,3.965330406218787,6.106326448105044,24.210645366471685,0,110,85d730cf-da17-49fe-b21e-929ee8d3f730,caminar
2.9780230421817593,0.0921283889894017,3.0545792961426512,0.0712547748301089,3.019935397375885,0.08509805494451415,2.8399357372464764,0.09477219125282989,0.11016168863282688,0.060636658686218974,0.7690896926504045,1.659886471923941,0.7690896926504045,1.659886471923941,1.6232861652566195,3.1082082816370673,1.9396710955273768,3.6333024703032093,2.7621573206649783,5.279166323432232,3.2479374495305184,5.708959658574758,1.7925464535034008,3.7687574633854575,1.8078626021367763,3.7506066886238885,4.115228302840995,7.941205135977225,125,175,8a26e506-e404-4c8e-a9c3-d844511778e8,caminar
1.688678102911932,0.5771513220338167,2.439834304810167,0.4263981760714186,1.913772872648313,0.5534227347323506,2.457246547046853,0.3243595115257232,1.547554099355017,0.46398276391566184,0.6250555723242803,1.5818574851417162,0.6250555723242803,1.5818574851417162,3.4134905823708337,7.088167754459264,2.443324377724362,3.8334794310650584,3.325936459372514,6.033668552150677,3.4015592129000085,6.550779015369369,2.263940933848688,4.248454311029603,1.8721864150056586,3.6399333334741866,5.108004387612257,8.352749088020058,60,155,8c7dcc24-d57c-4fa5-b10a-eb3133e499aa,sentarse
2.873235175990307,0.3092251321980176,2.5827767577107634,0.38116075889340467,2.8104488137284,0.22591915607657906,2.7410676232056783,0.5108257434877912,0.23529738290834015,0.10101730805969035,0.33785941013110493,0.4277462455423658,0.33785941013110493,0.4277462455423658,1.5475429308950395,3.572024818115083,1.712478374328398,3.904532100360293,2.312855430364778,4.160359508368698,2.4534738711904374,4.459538451562782,0.7401136554106734,1.494759938078329,0.9461556008606515,1.6950560838379702,3.1119893158882874,5.171850834972209,0,145,8e184ac0-065a-49ac-a1fb-87a4eaff55af,sentarse
2.81978216972329,0.28073084671800513,2.771998930139228,0.25978025457552323,2.8831370910468395,0.09155248054573438,2.738954786037528,0.08063711914367329,1.5917533761757086,0.07422047882221712,0.412348136463937,1.608854175316798,0.412348136463937,1.608854175316798,1.5101025151054492,4.03783208735095,1.3769163831468665,3.691185998420872,2.5257375926641537,6.577325837809856,2.6389011445663924,5.854566963364705,0.9368139877016669,3.442062168802593,1.1557691499898692,4.081362147996307,2.058443707441131,6.6465772411781385,0,110,8e26196e-4e06-40fe-9ca2-809f0858685c,caminar
3.084265450591167,0.02582656782242915,2.7011943826827465,0.09711436314329792,2.7978637480393327,0.14716185591564382,2.94180628683511,0.07897888365626038,0.09491923374563611,0.01992825692353774,0.8927781368796126,1.6779244397169222,0.8927781368796126,1.6779244397169222,2.557830557532529,4.457638442247958,2.228244918119384,3.8929812372577053,4.334830335540253,7.567748476249127,3.4531169128320385,6.150352631499309,1.0163713594909676,1.8909896730698468,2.641889960201911,4.741632699360275,5.186494821107828,9.183162858275942,0,45,9022cb75-78f1-4a57-83d4-8729c3a40ef9,girar
3.043845011473294,0.07634275251409182,3.016198686418857,0.15881729069426437,2.873035292551732,0.08950070374095491,2.7923029791591336,0.07898652599960493,0.1663608856895612,0.14177229032994107,0.5305665878265274,1.7054181717526489,0.5305665878265274,1.7054181717526489,1.130075845132263,3.1088384084720175,1.3417529179571812,3.6486467495083375,1.8967196756435298,4.926284309471321,2.113407660049599,5.647806878919688,1.3607285676498218,3.481601172623558,1.2595470581222503,3.871692329720503,2.590091231627592,7.572418778218753,0,90,9081c8a3-7c38-4692-995d-7e6a8dd366c1,girar
1.542883694443042,0.5854510190706764,1.7303162798938263,0.5836849558790762,1.7504202780111169,0.6752720417659044,1.9211827087410813,0.7815898265325634,0.5888371448890768,0.36469886830211257,1.4767387139389565,2.8644197795699293,1.4767387139389565,2.8644197795699293,9.229287227506491,14.91555446452712,7.275166780095053,11.654643290757683,9.218399103546375,12.71804776575757,9.267021747443957,13.509330611427883,4.218073217440393,6.366730425828702,3.70320428538536,7.232440790140479,13.781088953338505,21.595198092016798,0,60,90fad129-ee42-4324-a83f-58be12b136bc,sentarse
2.6468496839396605,0.21984349427531946,2.455063575294719,0.17358810407482203,2.579756258316052,0.16808053131325032,2.377673018823817,0.1525698299738245,1.6786571131162664,0.10992978599742106,0.5688505117941123,1.5523837865696961,0.5688505117941123,1.5523837865696961,1.2561194528577275,2.4923166665977923,1.3119914739894536,2.875638201304411,2.033576536148964,4.831457025685271,2.059907380564095,4.433750865399898,1.5258040245939957,3.498472109886644,1.71080259998791,3.896364581947156,2.100734148933736,3.6702230448661615,70,170,9107c8dd-5e09-4d2e-a906-160b16fa2dd5,sentarse
2.861019985804617,0.28600688385500617,2.7759589553414226,0.4539365255063183,2.910424490346408,0.16672810113936976,2.8949834584509864,0.1902749816939859,1.5897822188449526,0.09065232554144013,1.0434854425892166,1.6048706994505237,1.0434854425892166,1.6048706994505237,4.624834212839109,7.728797483922101,4.675107177692094,8.027698464964393,9.448708661889249,17.48005017732485,8.367215335501895,14.499380062174206,2.6610804116102145,4.263903499007132,2.6217342970918414,4.021525719138272,8.53234273166113,13.663913909491434,55,105,9308b6d5-5419-4060-83d1-dac157e06451,girar
3.098936297019114,0.0260808953023512,3.1087956586980656,0.018621341657701185,3.056074177834566,0.022513058338005567,3.074462067457719,0.029455610418659867,0.008705592656636018,0.005619662100377939,0.5301442723496922,1.7000440255328213,0.5301442723496922,1.7000440255328213,3.790972369414346,12.27648495614106,3.940778372687426,11.902866327170054,7.431323919046056,22.76121562479224,7.035041697982557,22.138627445839315,2.275174384908125,4.814923554321566,1.6445591757239681,3.367380863086939,6.651287729592864,23.44763047077881,21,111,956c7082-be15-47fa-bc11-5cdbb1effd90,caminar
3.104771860516832,0.026932189331634195,3.106988389677052,0.022270157005413696,3.075815468068789,0.02816888988140974,3.0660600315180306,0.028556265969481052,0.00593403814418091,0.003927490706923378,0.6912970251599765,1.717320037089884,0.6912970251599765,1.717320037089884,4.831404312114629,11.730570594256495,5.163837705218504,13.013385610019926,9.497766246424492,22.915292475235027,9.544447479253716,23.90475160926938,2.63251562366746,4.21409197985902,2.4080656830266243,4.558232823568004,8.84847009257432,24.06775730911139,3,68,960abde5-75f6-446c-a431-a1767cee15ee,caminar
2.863198891413917,0.08327524395772225,3.0995616553584218,0.07513098344851284,3.055146428296247,0.08614390781500429,2.763872927968886,0.10224284698803417,0.2131781636654098,0.03657515131185998,0.45520435799566417,1.5982130491609456,0.45520435799566417,1.5982130491609456,1.1591843073970143,3.6012230480410956,1.24122325569483,3.6775585859394093,1.9488343795876255,6.011478931396164,2.095187093601762,6.482933193103543,1.1000296744997464,3.811671820981131,0.9883944084627562,2.593199029249382,2.817849029188938,9.439507736167874,0,90,9a9a0955-4522-44d1-830f-4f5b0b3e799d,girar
3.1024093613770214,0.025946059329953166,3.113825586790884,0.021523508468541216,3.0547932368512187,0.02674298614853623,3.0813996856559354,0.022877085563669762,0.017180785843596436,0.017492347964181594,0.3949812428406042,1.6786861200412135,0.3949812428406042,1.6786861200412135,2.9470315604261894,12.070189159075234,3.2298523620809387,12.511310308610627,5.939015116258883,22.031276205000093,6.139838631283563,23.318448296117793,3.117938383039829,5.559990406247544,2.226072206754034,4.06135686886058,5.317916982246422,24.46829767256653,0,130,9d493f68-5d2f-4e7e-a45a-96b0e38e6f33,caminar
3.11355111115588,0.01901025897756519,3.116227035712705,0.016313292988910755,3.061876770041329,0.02532472674619249,3.0985117627926164,0.024392336207725986,0.015087621993797441,0.013013102385459233,0.47273055929104874,1.7321314346771932,0.47273055929104874,1.7321314346771932,2.9327573274431145,10.757001748716087,2.8123180171138245,10.127217409088722,5.713712694567512,19.32120181845592,5.401014587792963,17.321713401030017,1.7683104328294719,4.695300450426506,1.25227008762873,3.6296087929665304,5.90320871596731,24.932812912019795,0,110,9f0b6554-4c5e-4343-b6e5-d3a7b49ded24,caminar
2.9404656801558158,0.24502614283883237,2.7435030008455734,0.22350160758161375,2.5811430742904564,0.2063964418125837,2.5484023004271426,0.27192110055993957,0.0699483755807527,0.041935697420952135,0.690709432207573,1.4740833518853318,0.690709432207573,1.4740833518853318,1.9025724759723281,3.3556188146805064,1.9331488758014002,3.3957628351329077,2.661498488062313,5.542929288760291,2.6238222727154668,5.446090965227833,1.7197659339194913,3.126871756871587,1.8599080563383608,3.4510879779089096,2.839783488058232,5.619530994317552,0,50,9f560f47-ee31-4f94-9b5f-25ad5c4a82e2,ponerse_de_pie
3.106998452002697,0.01779131840514409,3.1188696258975237,0.017245103973642907,3.072604847839773,0.03201000297155185,3.091725269577154,0.035829524986268096,0.01242888870680251,0.0073569786289772185,0.6437337322190355,1.6588870633724748,0.6437337322190355,1.6588870633724748,4.788097548660062,12.233232018238702,4.757287285572612,11.931163700601351,9.179417055536266,22.543608582505023,8.782371558874388,22.533834131716027,2.7176763719934995,4.960074777764057,2.255878532659744,4.053431824534618,8.950562473755358,23.903886809798585,0,70,a53d3e61-a533-42c1-a07b-1860f9a5c584,caminar
2.9421078705771895,0.06163222974149655,2.9930748147310884,0.07065804779389011,2.9107223750804017,0.09327475350826508,2.847709450741927,0.057088200332632635,1.620588500005351,0.08357545865951248,1.4669625561966835,3.3148856393099053,1.4669625561966835,3.3148856393099053,2.6507991013509637,4.006962233795908,2.6340311359906217,4.364629416435498,3.6553958604683747,5.785260247328333,4.094857419783434,7.248694708679575,4.023425169463384,8.72525448362007,3.8242167800700284,7.4663108925383135,4.3518587748663355,7.751225075882692,0,90,a55f16c3-e656-48a7-9170-43460a7939f7,girar
2.6028445028929115,0.5652337983182175,2.5717485093102797,0.500174619356093,2.6063512525528645,0.5515233756842405,2.444471889992853,0.5463393829647949,0.21020859711353443,0.15548711892220823,1.3823879403660342,1.9758979367541634,1.3823879403660342,1.9758979367541634,11.916254779623387,15.255469917985987,11.868682030018334,15.486781461743645,19.263245707021525,34.03071216017082,18.59590510181149,32.23249699512665,4.677304873353245,7.974893873204308,5.50015957607126,7.635748009516497,20.313931303142045,34.490746875701866,0,45,a6c0dc64-7dc0-498e-a5c7-886968700043,sentarse
2.5469493693711542,0.21393902845557963,2.6074091075044996,0.15623496061029657,2.325503723821863,0.34375610563090764,2.4100500975208297,0.11151222805767534,0.11720492698645961,0.05557947798987627,0.23573152937995728,0.3225190466802436,0.23573152937995728,0.3225190466802436,1.627274319612664,3.3821058451911776,0.734266138464633,1.4441891462671892,2.1008836121818706,4.180001719091108,1.121350959409345,2.627530272602177,0.7601701710999074,2.3101010391852452,0.671714457200579,1.9013552956409614,1.5369413349844578,3.5046909837831874,0,145,a99664a2-31b5-4054-a29f-f1c80cf0de6e,ponerse_de_pie
1.9379543833895114,0.701889415271525,2.4848987909785722,0.5752642363861922,2.319980535121898,0.6346109416676801,2.7283957438461015,0.130874642357603,1.5659697345010446,0.2297696397755915,0.6744683231808277,1.7953574030426853,0.6744683231808277,1.7953574030426853,3.9654005585732217,6.435822852311577,3.0424046449070743,5.099835461987118,3.980897210679229,7.050374365432664,4.245778210843702,8.191791357926933,3.289808402805077,5.6086351169481645,2.4080205450595935,3.7078507737615443,5.586191054312481,9.38452607007829,0,70,aa3f8142-b04a-4fc9-9390-6c6978848825,ponerse_de_pie
3.112207937721335,0.019701647911430312,3.1195314193784873,0.01610625964576609,3.058411898824828,0.02786474342368099,3.0972445409631595,0.020788756501213295,0.024699267451363794,0.018764467642811766,0.29986274948597363,0.5621034134970763,0.29986274948597363,0.5621034134970763,1.45026455142943,1.8097061437682573,1.566342469521747,2.1501350080759756,2.736380445490932,2.7079079486532103,2.995641359762412,4.065746084292135,1.1540166383379018,1.8295050301022153,1.6244383066290722,3.299613295781874,2.5359978841691335,2.796274031950425,0,145,abbc444c-6d8d-4aac-873a-a196d5db7400,caminar
3.1100553903405186,0.03485279569052243,3.115467559799728,0.012856870886738453,3.058584187515981,0.02320473805273188,3.08963226282715,0.018160083881191374,0.00944486754385263,0.006783504860586578,0.48899854666525044,1.6327567904131675,0.48899854666525044,1.6327567904131675,3.351155638167266,11.106325901880947,3.3236386170387027,11.212620314341432,6.721159157252053,19.943180244257977,6.585518402993411,21.16463109927941,2.176826044803918,4.3959812421972835,1.30242959266102,3.6123774245262177,6.228085957642403,23.584252192857342,0,95,ade2195c-5ead-43d2-9e17-75208a1005f0,caminar
2.8345268152747156,0.16220458021877987,2.926092298618782,0.11549480842350196,2.853144902168399,0.055134302597666135,2.8643789726098485,0.04528134746280465,1.5234456108488865,0.041432422432713584,0.5622835012212781,1.6184512108998528,0.5622835012212781,1.6184512108998528,1.2319557793749536,3.2506538378529917,1.3256785980218417,3.408876526205667,2.422234922397748,5.48893528014402,2.477864812029925,5.559075772309303,1.422278351635688,3.8329023400966893,1.4739214623434567,4.124667797334926,2.367489868856711,6.787755793879551,0,75,ae6b102f-6166-4767-af83-92f2eefb1d24,caminar
1.8342513642679168,0.5038275187191852,2.3866389101486285,0.3690546830243074,2.014652400122121,0.517450027593124,2.50886548379209,0.2821586407088192,1.5967509298753284,0.4168193334249973,0.5104332225687775,1.5631472683899599,0.5104332225687775,1.5631472683899599,3.0672019051820705,5.754421933049709,2.1466437945374146,3.2949139521856994,3.0825340723673262,5.81716713907324,2.9563927826255814,6.443917182577862,2.1493224415189482,4.047391569798117,1.6373187774016695,2.7487912699040606,4.160136892026168,6.945708514103654,50,150,aed3c62d-8ddb-43a2-9135-6171db4d507c,sentarse
2.279951320503763,0.4940116732974584,2.619324622813423,0.4673833396167882,2.38678030703295,0.6137321372328856,2.613014238197681,0.35493838024685515,1.5969468719545283,0.4181774873031195,0.523318911532866,1.6202322525309394,0.523318911532866,1.6202322525309394,2.4162889972986346,5.305337889374978,1.8306272750592811,3.7558088379634924,2.9182968205887994,6.6883591693398055,2.4866173316107782,7.625101718864922,1.4811438333616729,3.930242864208973,1.431995872068361,2.7716281096594684,5.2016295980548515,7.851462471158794,0,120,b0aca696-0c6e-497a-aeee-9da7f8752a52,ponerse_de_pie
2.597423338664194,0.39465025069267734,3.0563140210079838,0.05305773179860082,2.74866799846675,0.4381735916704894,2.7160044069907627,0.08334271061368505,0.14602354593298894,0.05796524937232109,0.22775985735523593,0.2934971391691077,0.22775985735523593,0.2934971391691077,0.8174479362229125,1.8034166332162938,0.734852972233606,1.907603047151957,1.5148088525455548,3.423880367074337,1.541816493593037,3.0326234206330525,0.6179624221438523,0.8817227930605903,0.8131988888781316,1.6736530703086916,1.7017738551333141,3.631070736157835,0,145,b0f69609-60c3-48e4-8bb6-86012692aea6,sentarse
2.8048578150049517,0.21963358743676054,2.980700759051123,0.11625223690838882,2.9054746404607315,0.09670385532601682,2.827120662606604,0.08342077209806359,1.6796225601444057,0.05248319397795853,0.6328034903078297,1.562034736067686,0.6328034903078297,1.562034736067686,1.8554859459828554,3.7809813761067335,1.586612905623453,3.705075407379759,3.1612193274282583,5.801569255466719,3.1349530821978084,6.611193126387874,1.612539706016317,4.469490881143181,4.085444527313101,8.188701008703154,3.1117594795577466,8.1042605702949,75,150,b4b2a0af-ae6c-46ab-b3cd-813bee7f75b1,caminar
2.931961948060962,0.1324121479000204,2.877426582420368,0.12525837762991424,2.9471120709868295,0.03066948714134058,2.967188038349429,0.0782386593442084,1.5701877495275003,0.062408138020725194,0.7447390263786935,1.6962757803965214,0.7447390263786935,1.6962757803965214,1.7187186471490332,3.903857078019508,1.9960074607488505,4.004645030456861,3.275362597392314,6.806102129018567,3.741549317748364,6.91655752637474,1.7364636196676182,3.985141399050286,2.155172192133891,4.78292544529533,3.485822063733282,7.3531055815256146,0,55,b500370d-1f6a-4cf8-ae78-7d4ced6987ce,caminar
3.0385393205742672,0.06396131201048268,2.641904700723571,0.1770589296502986,2.7513734517887536,0.07130455243299459,2.9537055814102113,0.07003922222191789,0.19458136940420637,0.019812952780113288,0.49487973195023494,1.5886223240264747,0.49487973195023494,1.5886223240264747,1.2478791530227251,4.070115053119632,1.356108685753089,3.918312784684807,2.236712957236597,7.095597018396863,1.9424573123988058,6.03203057387381,0.7154701873549004,2.18065689770692,1.3369329548442694,4.095059813459557,2.844442986537715,9.232491697009156,0,85,b58a28a6-fb53-4d91-b156-e93f48176d65,girar
2.196371343087315,0.18850044405934782,1.9651458366943746,0.13081897309715457,2.2456014153633865,0.06666977971688394,2.0046214264500932,0.05005132323682482,0.14221677014618841,0.12716628207796224,1.0161222219983883,1.9623159449063243,1.0161222219983883,1.9623159449063243,5.5730863915374735,9.564281440059226,6.440402397956553,12.014803605649481,11.8590760923506,26.222450748769326,10.356798968772635,22.252054499519666,1.388941381582475,2.2481318016562004,4.950635448840195,9.46857964208127,17.59160749071106,33.65293111117708,40,95,b9b3cf9d-5a99-4a85-bf9f-26f1b52b0e4d,sentarse
2.9563771569629065,0.08517036376893894,2.917921031804819,0.07996808841876409,2.8559670345889314,0.04264930605011957,2.899530642687566,0.09146348233865893,1.4521435040901738,0.07489871358804379,0.5884522946315931,1.7482934615916579,0.5884522946315931,1.7482934615916579,1.8150050576127232,4.434640206314416,1.7444642113110933,4.181632433939992,3.3880236337200436,8.08451734626484,3.0416347363475946,7.393278144730596,2.00855642248355,4.072303868206027,1.5998025143828647,4.176910746299441,3.9056349076159638,9.362420425141483,0,85,bc0c5ba7-094d-4d94-98b0-434df3896a84,girar
2.9021425670890753,0.19639310157569226,2.8785499684311646,0.20636163292515966,2.8338635478431864,0.12784093099208765,3.0036986823961107,0.09384271906205098,1.5329181925079076,0.059687647814008996,0.6256120322964531,1.7107175303707085,0.6256120322964531,1.7107175303707085,1.8398178080872063,4.037357220974218,1.8206200750893953,3.848901705562872,3.591084451674919,6.859768207964159,3.0747728994970247,6.718709531231166,1.5931518396888291,2.9028371840689617,1.5857115239763844,4.5147319020651775,2.9867601407650386,8.215885016956557,74,154,bdb57536-fd9b-4159-abdf-3c3b9b27d4b8,caminar
2.8989225641174596,0.21081042834106895,2.6192539762874554,0.37217345166384863,2.848116496051613,0.20615524054897968,2.5684207566614097,0.3401151198620022,0.02889421332147222,0.02798911552841075,0.580654240119118,1.6985563091958598,0.580654240119118,1.6985563091958598,3.526416349344377,7.290143217682061,3.6829031293279564,6.208733041896071,4.9760033855633,14.630934315563902,5.030392730266058,13.890432642771536,3.1977384640441935,5.781233424704987,2.505205778446096,4.293685225484022,10.034631306049986,20.059977324036808,0,100,be87d658-20c9-4c52-9b68-9ba98ef48293,sentarse
2.05319658488389,0.5929784863667883,2.8345629520854443,0.2127090841423989,2.170338848264898,0.542315262511376,2.7870877184435,0.16377704697547754,1.4347927940846767,0.26049414155687806,0.4474296944385434,1.6392577525847576,0.4474296944385434,1.6392577525847576,2.4024870921049795,4.167784286440472,1.4040785191817067,2.191282987888308,2.3926434072425438,6.4065964596457,2.2648672687629916,5.809474680283507,1.8329229492126289,3.7584787663524635,1.6699147109322383,3.375451866580225,3.2182192846129514,6.281606156690484,0,105,bec27aa6-e995-425d-9f4b-029d077764b0,ponerse_de_pie
2.795543229536867,0.31847205085073055,3.019414305353493,0.1612540181406736,2.716422568489367,0.47436030733096657,2.791251324249029,0.11430122730453561,0.20361628806973617,0.08424553054331586,0.26303299071308855,0.37487692827913494,0.26303299071308855,0.37487692827913494,1.063549165194478,2.642385154521777,0.8967508165886844,2.097516765073123,1.2943508467647475,2.7793342437921758,1.3111762906432354,2.782223781932588,0.5162473521542855,0.6710976810704111,1.092490867449493,2.87500077294412,2.747483315307061,4.60382974190106,0,145,c173b539-f27f-41cf-af4a-45a15ff63bf3,sentarse
2.8994939854564623,0.2255510628886838,2.790934774113165,0.36766464112335645,2.8276524058062322,0.19348048123514833,2.7372474234520454,0.34226788368962924,0.017953299186356148,0.012739833595307082,0.7921964185412432,1.7827274282143393,0.7921964185412432,1.7827274282143393,6.201572719896874,9.860909508218828,6.126297265754641,9.76059015958712,8.945687797803716,18.142520443494554,9.003595739922398,18.12218863540937,2.922671437492401,4.68121610752593,2.757670811437956,4.662026610598725,11.086174797791273,23.69308985484793,0,55,c1cbd76e-c213-45e4-8423-b6aa48dc2efe,ponerse_de_pie
2.1615308158339754,0.2845082556798095,3.045865622045672,0.05676623175919852,2.193378718356491,0.318295845757187,2.8495808722006317,0.1457956277459651,0.22412961160420047,0.14412190814834305,0.25012755172082834,0.32973587125626586,0.25012755172082834,0.32973587125626586,1.0832144820910203,2.249441583619497,0.6514337348346378,1.5824180642028272,1.3604548818818343,2.835279332279432,1.139992938182743,2.990107688944286,0.7588334855563864,1.8830486413381888,0.7965970099932735,2.272130746495384,2.386476146434086,4.894027055736245,0,145,c368cfd3-54d3-4188-9ed1-8ee1ca756b2c,ponerse_de_pie
2.8938442101358657,0.09742339501283469,2.1964357885649477,0.567269705584698,3.001839840584099,0.10075005579791457,2.220750533564497,0.5109980678964097,1.6461596226435398,0.16828768198006946,0.5161921427131648,1.6365424769081875,0.5161921427131648,1.6365424769081875,1.4649278873824967,2.6092144352605686,2.228559271166663,3.845717988484687,2.211266178786172,5.951923902848077,2.4357103227489336,5.754862933516716,1.8255151060149695,3.961321889768207,1.933632345913969,4.549476736495903,3.0691836080383137,6.080467181555413,0,85,c890c9e3-bd86-4d03-baf1-c2a1e0fec760,ponerse_de_pie
2.9581720702930134,0.21620658404757961,2.8510259249554015,0.30051799523100253,2.8476086401040464,0.12005307690003802,2.998475016705297,0.11004150681807086,0.16279189365752522,0.05752180194571118,0.4657880832325657,1.466487544010737,0.4657880832325657,1.466487544010737,1.5483724883972632,3.502480014430861,1.708204694463295,3.7453380848423317,2.924502285170578,6.333337838169407,3.1222688932194385,6.352057944908791,1.1836576620028805,2.8571308109635862,1.0485717046393832,2.611112022445013,2.1712445820976987,6.540614689680063,0,95,cbfb059e-dae5-4ad1-9f2a-d074c4d73389,caminar
3.1113372264608783,0.027174254273613255,3.1166287995531983,0.01876729339084588,3.0634021675728538,0.023606708941442973,3.0918637981430033,0.01685567237456166,0.012628069555647057,0.009003548439558582,0.42180707043791443,1.6925754147752206,0.42180707043791443,1.6925754147752206,2.5192095684935247,10.96069806093249,2.886472122508401,10.684491847013078,5.174913713809959,20.27304303597181,6.0506109247643565,21.67882869493907,2.107452874068891,4.438078396848603,1.679550382218503,3.539323381730391,4.72315591587885,24.484085794158506,0,135,d1bc6225-db1a-43c6-9ad0-f49874b5e9fe,caminar
2.792868433115925,0.27955229648715324,2.842510355287437,0.25462237009516886,2.8688544979870567,0.09900195132089988,2.819849146206558,0.09827069377526945,1.581402019230035,0.04215709017056783,0.4785511588818441,1.5806563519075116,0.4785511588818441,1.5806563519075116,1.471653203144466,3.5548516364732077,1.5377974055973356,3.68152543666366,2.343756938593246,4.713255685143072,2.716293506260189,5.948356635764204,1.1489025605107603,3.391464794023541,1.1690517618042693,3.761648228625156,2.1562788422041703,6.629345334875491,0,85,d37fe29e-8b8e-4080-9071-a5fa5a5bb71e,caminar
2.949511057008457,0.1317221380391375,3.0277079825612256,0.11939394920780569,2.934632164674009,0.07292061939139884,2.845474110484255,0.05736714953593925,0.060881641872096104,0.043325880910899804,0.4540630475049512,1.6287458790816007,0.4540630475049512,1.6287458790816007,1.2231173345022468,3.019539811653999,1.308843587763332,3.3735741011626303,2.326011432310882,4.6176545718864155,2.5045130203465638,5.553907173201016,1.311958446323799,4.1679643936387265,1.3437623884343863,3.957020563497759,2.3832687707611067,7.118163469039945,0,95,d4d01e3b-a22f-4917-be90-d06f5418dbe2,caminar
3.033676828686416,0.13627879562007758,3.047423485147846,0.09810216396234887,3.0075565507498205,0.03961014215255064,2.8791988295030375,0.07435862520127284,0.18080329082734795,0.07443149982059764,0.4080030285120591,1.5599904759812855,0.4080030285120591,1.5599904759812855,0.9373510037081639,2.9131735521428377,1.0008485595844123,2.9689884926957153,1.6171610792700484,4.742151982100523,1.4992976271003433,4.836224562332942,1.0267486468354177,3.1339149532140227,1.400934718763716,3.71108732037116,2.500843669044381,7.768339431381467,0,110,d52195ef-5c2c-4461-bc01-7eb883d68d35,girar
2.0806780082262986,0.7352133059336012,2.0993456252747493,1.1522440569341303,2.065047664461496,0.7101203820263163,2.1313638390511653,1.0840262475148852,0.03879762029764008,0.03714580869162181,0.824141358571343,1.7259366828283818,0.824141358571343,1.7259366828283818,6.61208342494267,9.343465433818569,5.506697757822968,8.62733154612756,8.163389905296931,15.900901016759377,8.14918601603994,16.242517989080305,3.323769163300177,5.928675214934433,3.55319504616281,5.718217813623677,8.571612047718153,19.6519434093515,0,65,d52f97b4-0487-442f-8e90-188a782829e0,ponerse_de_pie
2.0437273179423463,0.7780223796166682,2.5056593662387425,0.46374509155953736,2.212452159574565,0.6790357399526056,2.5611393804057534,0.3155887761722319,1.519924054895773,0.3112680694826213,0.49733247466820724,1.553828715667011,0.49733247466820724,1.553828715667011,3.352921194410983,5.9412260438546625,2.1099804004498663,3.530049247369822,3.28610052552988,6.600054111049971,3.030752892555365,7.049013876230798,2.525584761112189,4.264504996519342,1.7934351035219496,2.36532098302069,4.109133029577601,6.6822867302827795,0,100,d5ee26c7-6291-4b1b-bc3e-a8cb12726bd2,ponerse_de_pie
3.0511286626973884,0.05073292420722703,2.961174608959469,0.10994767115379296,2.97182088041762,0.03734205411739713,2.961885981729358,0.029093787702451485,0.053344109495659625,0.03339661256758602,0.35937052948423687,1.428203889076567,0.35937052948423687,1.428203889076567,0.8984849947191577,3.0513129769946414,0.9080885657611809,2.9020529845543597,1.8041278800229419,5.271075621163361,1.5509400437564265,4.084350675367468,0.8802730152675252,3.052114391163574,0.9124496475313546,3.2148435306824608,1.7066245516522836,6.229755228620829,0,105,d734ad4c-3dca-4153-8fb5-3d66851767d6,caminar
2.377310007190579,0.4348538761083207,2.296999972005861,0.476004713191272,2.4465296655884763,0.36364369366541766,2.345364120568117,0.43262428627698096,0.08651600085759881,0.07216159547562981,1.232175185777933,2.1375444370633767,1.232175185777933,2.1375444370633767,11.167000772012981,15.398224477221353,11.341929558168138,15.096027526432298,17.8606569320363,33.48569004973823,15.51177046155325,28.45181881762413,2.2738864541991544,2.8997379174752576,5.422668921737996,8.804708054182507,19.557360313625775,38.294907452818656,0,70,d82d23c7-1418-486c-b023-dca6cbf23aa5,ponerse_de_pie
2.219080065140771,0.5262115089050892,2.440568265820293,0.31961664334003026,2.2606254850137453,0.38933197923517254,2.7945733425294144,0.2104798954117304,1.6796251085483618,0.3865681246791589,0.6124160768161043,1.7810653230864197,0.6124160768161043,1.7810653230864197,2.8831427751333445,5.104501709642865,2.245644426274737,3.8461235587899503,3.251565661260555,7.550554652678827,3.4024421196325454,7.680540384687074,1.9031380646047193,4.728931870114501,2.065823520004857,5.001760320039129,5.020060485485279,7.416008854440069,63,148,d88fc791-61b3-4f64-a5ea-800a0a01bba9,sentarse
2.805453605817412,0.2971937709139259,2.6429058760236352,0.29157158437008207,2.79918720226535,0.23857922611546092,2.586830935098363,0.17892595558518712,0.11980413710308221,0.10797628382695956,0.31566513366897214,0.9469828804538363,0.31566513366897214,0.9469828804538363,0.8039072091104187,1.9708654610318939,1.0935240318471806,2.0633743684420875,1.1478865646429215,2.6903825943224007,1.452028410405455,2.771946818299866,0.8661388533110783,1.93618877791735,1.399515451589457,3.150421721823757,2.464671012838776,3.8710086787930615,0,155,dc727e5c-88d5-4a95-853e-b6b356f9a78a,ponerse_de_pie
2.198194825833265,0.5337276827981493,2.4666864670644064,0.48507353988418384,2.3344657787709657,0.6933914844899316,2.5804936559568015,0.44704587521665445,1.543346992301769,0.46219386155514136,0.5155193912012245,1.742728337220317,0.5155193912012245,1.742728337220317,2.587192830532092,6.309163178888606,1.9593447845807244,4.259400890258063,3.092450112543162,6.714006231453743,2.6112652908234883,7.426466808879586,1.4774419546741082,4.126076653264892,1.6252778296022332,3.73957988340057,5.326637930244044,8.85252968631638,0,135,dca9ca1f-7281-43d3-9743-025ed514e25a,ponerse_de_pie
3.075975157941234,0.04742847802281422,3.065858700688535,0.0457161399267851,2.9976097782078837,0.05112706628920312,3.016707811053816,0.08438587365617385,1.5685769596759491,0.03395470469186492,0.8506130586570563,1.7623545949333692,0.8506130586570563,1.7623545949333692,1.9591688699750804,3.757580257261189,1.9922839170697535,3.821898506574022,3.850740802118971,7.112419179067543,3.9117976099789575,7.413503960106183,2.2996816159314473,4.2352880343437675,2.4412662591584637,4.599721804544821,3.8307659656314,7.801018254531705,104,154,dd6c87a6-d7c7-40d5-8a5b-dd0560800ea9,caminar
2.9793116882526256,0.13334456371029987,2.7389150664366935,0.3153360671965858,2.7079719006162573,0.1312590220364841,2.5465543213834865,0.3139496479804192,0.17284953489165375,0.06971614455247958,0.5897282033516771,1.5605994120049966,0.5897282033516771,1.5605994120049966,1.6464532372300689,2.999062871713996,1.7871756630392703,3.4858754364077074,2.2042107364035934,5.3750552635964075,2.33139373350777,5.836014423785999,1.8396384398519958,3.6313944707607235,1.787165622808547,3.854942580478756,2.593584320916187,5.28601596179081,0,65,de50e3a4-ca59-493b-8137-985e1edfc82f,ponerse_de_pie
3.0808387510087516,0.03596045005301169,2.9815230709729663,0.1282841771662528,2.929198911833355,0.07908444485614968,2.9372350412893042,0.04629271697979456,0.08631628236673208,0.05489788257091142,0.27912010454918124,1.1464126497220757,0.27912010454918124,1.1464126497220757,0.7682947961499791,2.3562689797290894,0.8169252387212838,2.405656380925106,1.5306758394873001,4.04889369314598,1.4331045830476035,4.028458916542888,0.7522663095679815,2.5498864502677945,0.6042170754396995,2.3916867506164667,1.6235775768389038,4.8123956879804135,0,120,de774b3c-a5d8-4d58-94ac-34991d17b783,caminar
3.1008593280659,0.024419052125277278,3.103870155771309,0.032941027593708115,3.0564923711496776,0.02962470275303689,3.0695214400448547,0.03479814300949311,0.028565084820355073,0.014272433001397628,0.41690777010952,1.6767674314490248,0.41690777010952,1.6767674314490248,2.4325019054535644,10.19606285771792,2.652284303652529,8.584129714313217,5.4618284531133305,18.757757963990862,5.197138238040942,14.38092609247478,1.3219484314381527,3.6965405575021446,1.5713828194733097,3.6582864485242834,4.4963755534687095,23.218747886902467,0,140,e33295bf-f4e9-47a0-a071-10979fe1fe05,caminar
2.7293046936538468,0.44229958611585235,2.545892295246916,0.547688063442866,2.587432891229571,0.44860392075825495,2.430548637270862,0.39387953769904827,0.042172687413191634,0.032293784749735474,0.6817401902983017,1.5297022295151481,0.6817401902983017,1.5297022295151481,2.0045507896768844,3.152805951840663,2.131951224241067,3.2768786415809545,2.6047201607509654,5.35231744157171,2.5568996921376423,5.313267450323841,2.168296524802583,4.150185093269503,1.8716883837640885,3.5248849596704726,2.7982135543465403,5.942204996845757,0,55,e43ce460-11b0-4488-b56e-73f3b133a6b0,ponerse_de_pie
2.4129873018446806,0.457443457447097,2.3038054278598743,0.5244039285700735,2.5259628424836253,0.2508418466625752,2.3370410268826913,0.43718605966217444,1.620393381411333,0.0683843648714537,0.48621466658828366,1.7794246082972471,0.48621466658828366,1.7794246082972471,1.3592356752362245,3.6224073227576477,1.6604344190075238,3.305142291894425,1.718072942258275,5.567406494320168,1.8047874459292552,5.181779164043484,1.6890980639996627,3.958374340186736,1.775262329859168,4.262893254317212,2.167866154279717,6.058662621108537,0,105,e64e439e-3683-4649-abb3-cdd42afcaa6d,sentarse
3.0582442044454714,0.036877088656598445,3.0270602452608224,0.02979293894965599,2.970456843770912,0.042057304635125435,2.963561824298763,0.03236674003798276,0.1265095533902705,0.04046877569483498,0.548288185813329,1.371074752578873,0.548288185813329,1.371074752578873,1.254536519498892,3.085007302267203,1.3305283327081971,3.261050956209215,2.1074928897539333,5.322665602175316,2.256291773140584,5.446903423393289,1.2547102127597267,3.11932950165723,1.2160754089638812,2.9495166693806976,2.477617297589729,6.043104255071358,25,85,e7d28d8c-be65-44ac-ba7b-12a9a63dfd1e,girar
3.0240004436580343,0.07293759839206151,2.9408137938342613,0.0769803498040234,2.9030412235470995,0.06754154555810717,2.923099878328846,0.08011339590903614,1.513276445058753,0.06799913643144863,1.4268717363967445,3.3646712856317142,1.4268717363967445,3.3646712856317142,2.34898779108128,3.908134024452467,2.4078839450047296,3.851149718374566,3.663649131087735,6.357911242577179,3.3470089175715922,5.792086984268328,2.9898421435350886,5.412434188054805,3.8448891370886753,8.849839061219484,4.136842848462636,7.398840219651552,0,115,ede8854f-8ff8-4c74-a184-2a595d8baaea,girar
2.9467009664862718,0.08097162780581539,2.8634142636321465,0.18806038373623507,2.798772420357613,0.06803570948766524,2.891738183306362,0.0775078308129001,0.056211839872209256,0.031047226520251214,0.21896685702358656,0.23971889790746964,0.21896685702358656,0.23971889790746964,0.7610556309463952,1.3015282641983312,0.7959365058152877,1.5179442256263194,1.5232817083893062,2.7714340862607085,1.5602550797899288,2.812967922839471,0.5335157674775293,0.8731180716070626,0.5968633453091717,0.8442461399382729,1.2717552447507925,1.6753384009128953,0,145,ef59e215-4f03-45a0-8a33-f5f62c145e43,caminar
3.0200653824748684,0.1069858501138082,2.801538896960249,0.2493872324563895,2.913941361700977,0.09547035182692552,2.886003656283325,0.1315017202158543,1.5476112554260688,0.03538038592335674,0.6370734798764126,1.6586117623081251,0.6370734798764126,1.6586117623081251,1.9652086010915104,4.366145242833295,1.8894314754153507,4.163291483725914,3.6195976671783603,7.552854990253388,3.2092505740718047,6.56360164122442,1.094989764116136,2.895747968263075,1.6254668636911374,4.8024848917164,2.806526518749151,8.01026178634371,0,80,f04bb4d9-c286-4e77-94fb-d02d2c579fa5,caminar
2.7139831605004243,0.43196355389592733,2.9580522539519425,0.16655021586355664,2.805164388504193,0.21116668534946967,2.735716762780357,0.12266453944947539,1.573318452125888,0.04370212184501497,0.8706205261191153,1.6501257992234202,0.8706205261191153,1.6501257992234202,2.7213206747187884,4.180455913443967,2.4786952976999843,4.149145977401776,4.910562970669501,7.02959958316453,4.248228000445367,7.165350040127374,2.2424969434810773,4.04962897163719,2.0371230969904106,3.882787043482209,3.839102673129927,7.238819297411454,85,130,f05e5988-1ee4-47a3-bf79-fa218d8786c9,girar
2.178667275677595,0.8082948167527393,2.393004558912661,0.7791346219259555,2.2251263219392703,0.9119080223726738,2.18997966568441,0.7156150652421819,0.5304151243884102,0.3272494115177763,1.056556577651842,2.2203927584100636,1.056556577651842,2.2203927584100636,6.554110808435774,11.987645319374115,5.484136364204686,8.069440386932689,6.546554872654174,10.170863641289364,6.480167974864762,10.671926423172938,1.8505918382890094,3.0339745085514305,2.406268692343388,4.602029419179296,8.003611467142987,14.368802712112585,0,60,f1ef8178-964c-4f98-94e7-6280d422dca6,ponerse_de_pie
3.0203191429039418,0.10031941556379795,2.789566992199185,0.24006617646908174,2.762686216858469,0.1337117119901003,3.0113394982288892,0.156689210938601,0.1609658049001855,0.08525374373433575,0.23472218218405702,0.360682360409617,0.23472218218405702,0.360682360409617,0.802847347057199,1.7693834134444473,0.9890292067129529,2.6911256067122147,1.3379912170570962,2.6854828976780736,1.4181159980908886,3.008545064880741,0.6648430913797682,1.3691279079661305,0.6925602791828023,1.3706316262453209,1.6336535701759236,2.885621325058041,0,145,f37c5ca3-84a2-4df2-b3b7-908581ad1490,sentarse
2.976011449224968,0.0766537289042101,2.957739131305208,0.08816008193415392,2.8999951000573745,0.09239812188199409,2.8136454227711654,0.04420985892013197,1.6458698637201163,0.07473475461782152,0.7443779084729699,1.696543580261994,0.7443779084729699,1.696543580261994,2.3022581323097344,3.745777156263519,2.317311955907038,3.9137011098444594,3.891732123464853,6.434739901129445,4.268078402221068,6.901097590222246,2.064831864732389,4.1157742945873235,2.30298395200596,4.0867550235496015,4.9554792446694025,8.920684103049448,0,55,f656a6a7-fcc5-4533-96d4-04d5c50e22be,girar
3.013986476573005,0.12450540961214383,2.6762965582707476,0.31523402923929345,2.6992349832153844,0.13524987143178285,2.4994866680574126,0.31246695140762965,0.10888046390290104,0.0594846263304754,0.5256026891127022,1.5385561319048993,0.5256026891127022,1.5385561319048993,1.46480545581526,2.8527733266340816,1.6234577006482556,3.426711142776511,2.07313521418252,5.491043750098417,2.072646878681468,5.723582709630564,1.5640961476950404,3.495044350459526,1.590287734488642,3.6120900486791188,2.5888225771602076,5.221783770551836,0,75,fad6952c-e7a1-4f13-ad8a-1c1b7f25fb9c,ponerse_de_pie
